,test_acc,test_f1,test_auroc
1,0.3282828330993652,0.3282828282828283,0.4989286807468625
