,test_acc,test_f1,test_auroc
10,0.2878787815570831,0.2878787878787879,0.4440618304254667
