,test_acc,test_f1,test_auroc
4,0.3333333432674408,0.3333333333333333,0.4996556473829202
