,test_acc,test_f1,test_auroc
5,0.3333333432674408,0.3333333333333333,0.5048974594429139
