,test_acc,test_f1,test_auroc
6,0.3686868548393249,0.3686868686868687,0.5655800428527701
