,test_acc,test_f1,test_auroc
5,0.9949495196342468,0.9949495196342468,1.0
