,test_acc,test_f1,test_auroc
9,0.9898989796638489,0.9898989796638489,1.0
