,test_acc,test_f1,test_auroc
1,0.9444444179534912,0.9444444179534912,0.9921181797981262
