,test_acc,test_f1,test_auroc
10,0.9494949579238892,0.9494949579238892,0.9898607134819031
