,test_acc,test_f1,test_auroc
2,0.9343434572219849,0.9343434572219849,0.982897162437439
