,test_acc,test_f1,test_auroc
3,0.9494949579238892,0.9494949579238892,0.9887129068374634
