,test_acc,test_f1,test_auroc
4,0.9747474789619446,0.9747474789619446,0.9918503165245056
