,test_acc,test_f1,test_auroc
5,0.9545454382896423,0.9545454382896423,0.9908172488212585
