,test_acc,test_f1,test_auroc
6,0.9747474789619446,0.9747474789619446,0.9973217248916626
