,test_acc,test_f1,test_auroc
7,0.9292929172515869,0.9292929172515869,0.9877563714981079
