,test_acc,test_f1,test_auroc
8,0.9494949579238892,0.9494949579238892,0.9921181797981262
