,test_acc,test_f1,test_auroc
9,0.9494949579238892,0.9494949579238892,0.9908937811851501
