,test_acc,test_f1,test_auroc
2,0.9949495196342468,0.9949494949494948,1.0
