,test_acc,test_f1,test_auroc
7,0.9949495196342468,0.9949494949494948,0.9999234771962044
