,test_acc,test_f1,test_auroc
8,0.9898989796638488,0.98989898989899,0.9999234771962044
