,test_acc,test_f1,test_auroc
9,0.9898989796638488,0.98989898989899,1.0
