,test_acc,test_f1,test_auroc
1,0.9800000190734863,0.9800000190734863,0.9965835213661194
