,test_acc,test_f1,test_auroc
10,0.9649999737739563,0.9649999737739563,0.9898244738578796
