,test_acc,test_f1,test_auroc
2,0.9449999928474426,0.9449999928474426,0.9878028035163879
