,test_acc,test_f1,test_auroc
3,0.949999988079071,0.949999988079071,0.9937711954116821
