,test_acc,test_f1,test_auroc
4,0.9750000238418579,0.9750000238418579,0.9902008175849915
