,test_acc,test_f1,test_auroc
5,0.9850000143051147,0.985,0.995005605374812
