,test_acc,test_f1,test_auroc
6,0.959999978542328,0.96,0.9935467343165691
