,test_acc,test_f1,test_auroc
7,0.9700000286102296,0.97,0.9841164988454854
