,test_acc,test_f1,test_auroc
8,0.9649999737739563,0.9649999737739563,0.9903484582901001
