,test_acc,test_f1,test_auroc
9,0.9599999785423279,0.9599999785423279,0.9885860681533813
