,test_acc,test_f1,test_auroc
1,0.3181818127632141,0.3181818181818182,0.4915824915824915
