,test_acc,test_f1,test_auroc
2,0.2777777910232544,0.2777777777777778,0.4695056626874808
