,test_acc,test_f1,test_auroc
4,0.3838383853435516,0.3838383838383838,0.5862029384756657
