,test_acc,test_f1,test_auroc
5,0.3434343338012695,0.3434343434343434,0.552532904805632
