,test_acc,test_f1,test_auroc
8,0.3888888955116272,0.3888888888888889,0.5273951637588001
