,test_acc,test_f1,test_auroc
1,0.3899999856948852,0.39,0.5815369495652292
