,test_acc,test_f1,test_auroc
10,0.4250000119209289,0.425,0.6195645150869031
