,test_acc,test_f1,test_auroc
2,0.4399999976158142,0.44,0.6144856714377531
