,test_acc,test_f1,test_auroc
3,0.4149999916553497,0.415,0.6007213306899089
