,test_acc,test_f1,test_auroc
4,0.4350000023841858,0.435,0.6224489593499806
