,test_acc,test_f1,test_auroc
6,0.4650000035762787,0.465,0.6016729408324066
