,test_acc,test_f1,test_auroc
7,0.4149999916553497,0.415,0.6020735069242531
