,test_acc,test_f1,test_auroc
8,0.4199999868869781,0.4199999999999999,0.5962225781550212
