,test_acc,test_f1,test_auroc
1,0.5254237055778503,0.5254237288135594,0.7149734934545062
