,test_acc,test_f1,test_auroc
10,0.4830508530139923,0.4830508474576271,0.6928973277074542
