,test_acc,test_f1,test_auroc
2,0.4491525292396545,0.4491525423728814,0.6712539218868333
