,test_acc,test_f1,test_auroc
3,0.5338982939720154,0.5338983050847458,0.6968192145407335
