,test_acc,test_f1,test_auroc
4,0.4661017060279846,0.4661016949152542,0.6758844530996428
