,test_acc,test_f1,test_auroc
5,0.5677965879440308,0.5677966101694916,0.6940387320134156
