,test_acc,test_f1,test_auroc
6,0.4576271176338196,0.4576271186440678,0.6880274261603374
