,test_acc,test_f1,test_auroc
8,0.4915254116058349,0.4915254237288136,0.6771651520069241
