,test_acc,test_f1,test_auroc
2,0.3030303120613098,0.303030303030303,0.4944138353229262
