,test_acc,test_f1,test_auroc
5,0.3686868548393249,0.3686868686868687,0.5422405876951331
