,test_acc,test_f1,test_auroc
6,0.3181818127632141,0.3181818181818182,0.5075374961738597
