,test_acc,test_f1,test_auroc
7,0.3636363744735718,0.3636363636363636,0.5188246097337006
