,test_acc,test_f1,test_auroc
8,0.3737373650074005,0.3737373737373737,0.5272803795531068
