,test_acc,test_f1,test_auroc
9,0.3080808222293854,0.308080808080808,0.4451714110805019
