,test_acc,test_f1,test_auroc
1,0.4532019793987274,0.4532019704433497,0.6503582306333257
