,test_acc,test_f1,test_auroc
2,0.4581280648708343,0.458128078817734,0.6426427232031562
