,test_acc,test_f1,test_auroc
3,0.4482758641242981,0.4482758620689655,0.6294749021775653
