,test_acc,test_f1,test_auroc
4,0.4876847267150879,0.4876847290640394,0.6359374153199145
