,test_acc,test_f1,test_auroc
5,0.4088670015335083,0.4088669950738916,0.5639254706857867
