,test_acc,test_f1,test_auroc
6,0.4236453175544739,0.4236453201970443,0.6044245005907283
