,test_acc,test_f1,test_auroc
7,0.4827586114406585,0.4827586206896552,0.6651719615430473
