,test_acc,test_f1,test_auroc
8,0.4876847267150879,0.4876847290640394,0.667589611853586
