,test_acc,test_f1,test_auroc
9,0.4581280648708343,0.458128078817734,0.6389130057772141
