,test_acc,test_f1,test_auroc
1,0.9696969985961914,0.9696969696969696,0.996556473829201
