,test_acc,test_f1,test_auroc
10,0.9595959782600404,0.9595959595959596,0.9921181512090602
