,test_acc,test_f1,test_auroc
2,0.9696969985961914,0.9696969696969696,0.991505968778696
