,test_acc,test_f1,test_auroc
3,0.9343434572219848,0.9343434343434344,0.9912764003673094
