,test_acc,test_f1,test_auroc
4,0.9797979593276978,0.9797979797979798,0.996900826446281
