,test_acc,test_f1,test_auroc
6,0.9696969985961914,0.9696969696969696,0.9976277930823386
