,test_acc,test_f1,test_auroc
7,0.9595959782600404,0.9595959595959596,0.9924242424242424
