,test_acc,test_f1,test_auroc
8,0.939393937587738,0.9393939393939394,0.98561371288644
