,test_acc,test_f1,test_auroc
9,0.939393937587738,0.9393939393939394,0.9888659320477502
