,test_acc,test_f1,test_auroc
1,0.7033898234367371,0.7033898305084746,0.8624256193876447
