,test_acc,test_f1,test_auroc
10,0.6525423526763916,0.652542372881356,0.8228132099967542
