,test_acc,test_f1,test_auroc
2,0.6101694703102112,0.6101694915254238,0.8112990912041546
