,test_acc,test_f1,test_auroc
3,0.6610169410705566,0.6610169491525424,0.8533187276858163
