,test_acc,test_f1,test_auroc
4,0.7796609997749329,0.7796610169491526,0.8770691333982473
