,test_acc,test_f1,test_auroc
6,0.6101694703102112,0.6101694915254238,0.7952883263009844
