,test_acc,test_f1,test_auroc
7,0.7288135886192322,0.7288135593220338,0.8604416855999135
