,test_acc,test_f1,test_auroc
8,0.5338982939720154,0.5338983050847458,0.7476874391431354
