,test_acc,test_f1,test_auroc
9,0.7118644118309021,0.711864406779661,0.8678581088391214
