,test_acc,test_f1,test_auroc
1,0.4699999988079071,0.47,0.7062265002170737
