,test_acc,test_f1,test_auroc
10,0.4699999988079071,0.47,0.7047370234722945
