,test_acc,test_f1,test_auroc
2,0.5600000023841858,0.56,0.761243622398375
