,test_acc,test_f1,test_auroc
3,0.6050000190734863,0.605,0.7564903892476555
