,test_acc,test_f1,test_auroc
4,0.5299999713897705,0.53,0.7340972285984069
