,test_acc,test_f1,test_auroc
5,0.5649999976158142,0.565,0.7768295682671174
