,test_acc,test_f1,test_auroc
6,0.5600000023841858,0.56,0.7435490014044609
