,test_acc,test_f1,test_auroc
7,0.4900000095367431,0.49,0.7260416985475902
