,test_acc,test_f1,test_auroc
8,0.5450000166893005,0.545,0.7299062332448036
