,test_acc,test_f1,test_auroc
9,0.5350000262260437,0.535,0.7428430869122149
