,test_acc,test_f1,test_auroc
10,0.9646464586257936,0.9646464646464646,0.991850321395776
