,test_acc,test_f1,test_auroc
2,0.9747474789619446,0.9747474747474748,0.9917737985919804
