,test_acc,test_f1,test_auroc
3,0.9545454382896424,0.9545454545454546,0.9863024181205998
