,test_acc,test_f1,test_auroc
4,0.9696969985961914,0.9696969696969696,0.9924242424242424
