,test_acc,test_f1,test_auroc
5,0.9646464586257936,0.9646464646464646,0.993801652892562
