,test_acc,test_f1,test_auroc
6,0.9797979593276978,0.9797979797979798,0.9992347719620446
