,test_acc,test_f1,test_auroc
7,0.9646464586257936,0.9646464646464646,0.9915442301805936
