,test_acc,test_f1,test_auroc
8,0.9494949579238892,0.9494949494949496,0.9927303336394244
