,test_acc,test_f1,test_auroc
1,0.4236453175544739,0.4236453175544739,0.6372020840644836
