,test_acc,test_f1,test_auroc
10,0.4729064106941223,0.4729064106941223,0.6383388042449951
