,test_acc,test_f1,test_auroc
2,0.39901477098464966,0.39901477098464966,0.6130976676940918
