,test_acc,test_f1,test_auroc
3,0.4532019793987274,0.4532019793987274,0.6452625393867493
