,test_acc,test_f1,test_auroc
4,0.467980295419693,0.467980295419693,0.6434841156005859
