,test_acc,test_f1,test_auroc
5,0.467980295419693,0.467980295419693,0.6183664798736572
