,test_acc,test_f1,test_auroc
6,0.4088670015335083,0.4088670015335083,0.6077930331230164
