,test_acc,test_f1,test_auroc
7,0.5073891878128052,0.5073891878128052,0.6540093421936035
