,test_acc,test_f1,test_auroc
8,0.46305418014526367,0.46305418014526367,0.6907472610473633
