,test_acc,test_f1,test_auroc
9,0.46305418014526367,0.46305418014526367,0.6419549584388733
