,test_acc,test_f1,test_auroc
10,0.9750000238418579,0.9750000238418579,1.0
