,test_acc,test_f1,test_auroc
1,0.6103895902633667,0.6103896103896104,0.8010293289962671
