,test_acc,test_f1,test_auroc
10,0.5649350881576538,0.564935064935065,0.7884033140482869
