,test_acc,test_f1,test_auroc
2,0.6558441519737244,0.6558441558441559,0.8292906124036783
