,test_acc,test_f1,test_auroc
3,0.6428571343421936,0.6428571428571429,0.8502014376877809
