,test_acc,test_f1,test_auroc
4,0.6363636255264282,0.6363636363636364,0.7923864761888996
