,test_acc,test_f1,test_auroc
5,0.5389610528945923,0.538961038961039,0.7897938583059507
