,test_acc,test_f1,test_auroc
6,0.6233766078948975,0.6233766233766234,0.8118463017682097
