,test_acc,test_f1,test_auroc
7,0.6753246784210205,0.6753246753246753,0.8350584000309001
