,test_acc,test_f1,test_auroc
8,0.6363636255264282,0.6363636363636364,0.8178594288425938
