,test_acc,test_f1,test_auroc
9,0.6298701167106628,0.6298701298701299,0.80500000689737
