,test_acc,test_f1,test_auroc
1,0.2849999964237213,0.285,0.4594318791098052
