,test_acc,test_f1,test_auroc
10,0.2899999916553497,0.29,0.4942396130534386
