,test_acc,test_f1,test_auroc
2,0.3499999940395355,0.35,0.5239645359441117
