,test_acc,test_f1,test_auroc
3,0.3350000083446502,0.335,0.5505812813354055
