,test_acc,test_f1,test_auroc
4,0.3350000083446502,0.335,0.471396435457708
