,test_acc,test_f1,test_auroc
5,0.3400000035762787,0.34,0.4527572889709574
