,test_acc,test_f1,test_auroc
6,0.3300000131130218,0.33,0.4941764179784603
