,test_acc,test_f1,test_auroc
7,0.3449999988079071,0.345,0.4609491276812565
