,test_acc,test_f1,test_auroc
8,0.3300000131130218,0.33,0.5028412279001439
