,test_acc,test_f1,test_auroc
1,0.4285714328289032,0.4285714285714285,0.6115420988738226
