,test_acc,test_f1,test_auroc
10,0.4433497488498688,0.4433497536945813,0.6302303840275745
