,test_acc,test_f1,test_auroc
3,0.4630541801452636,0.4630541871921182,0.653230308154218
