,test_acc,test_f1,test_auroc
4,0.4827586114406585,0.4827586206896552,0.6581987936136311
