,test_acc,test_f1,test_auroc
5,0.4433497488498688,0.4433497536945813,0.634969623559761
