,test_acc,test_f1,test_auroc
7,0.4778325259685516,0.4778325123152709,0.6641296513077315
