,test_acc,test_f1,test_auroc
9,0.4384236335754394,0.438423645320197,0.6454473276319925
