,test_acc,test_f1,test_auroc
1,0.6010100841522217,0.601010101010101,0.74280685644322
