,test_acc,test_f1,test_auroc
10,0.6363636255264282,0.6363636363636364,0.7446434037343128
