,test_acc,test_f1,test_auroc
3,0.6161616444587708,0.6161616161616161,0.7369146005509641
