,test_acc,test_f1,test_auroc
4,0.5808081030845642,0.5808080808080808,0.7138429752066116
