,test_acc,test_f1,test_auroc
5,0.6060606241226196,0.6060606060606061,0.7208448117539026
