,test_acc,test_f1,test_auroc
6,0.6414141654968262,0.6414141414141414,0.7580731558004283
