,test_acc,test_f1,test_auroc
7,0.6111111044883728,0.6111111111111112,0.7528313437404346
