,test_acc,test_f1,test_auroc
8,0.6565656661987305,0.6565656565656566,0.7490052035506581
