,test_acc,test_f1,test_auroc
9,0.6212121248245239,0.6212121212121212,0.7556626874808693
