,test_acc,test_f1,test_auroc
1,0.3737373650074005,0.3737373737373737,0.54863024181206
