,test_acc,test_f1,test_auroc
10,0.3585858643054962,0.3585858585858585,0.5375726966636056
