,test_acc,test_f1,test_auroc
2,0.2979798018932342,0.2979797979797979,0.4807162534435261
