,test_acc,test_f1,test_auroc
4,0.3989898860454559,0.3989898989898989,0.5783976124885215
