,test_acc,test_f1,test_auroc
5,0.3181818127632141,0.3181818181818182,0.5275099479644934
