,test_acc,test_f1,test_auroc
6,0.2929292917251587,0.2929292929292929,0.5024104683195592
