,test_acc,test_f1,test_auroc
7,0.2929292917251587,0.2929292929292929,0.5003443526170799
