,test_acc,test_f1,test_auroc
8,0.3989898860454559,0.3989898989898989,0.5257499234771962
