,test_acc,test_f1,test_auroc
1,0.2929292917251587,0.2929292929292929,0.4660621365166819
