,test_acc,test_f1,test_auroc
10,0.3131313025951385,0.3131313131313131,0.4892102846648301
