,test_acc,test_f1,test_auroc
2,0.2474747449159622,0.2474747474747475,0.4465105601469237
