,test_acc,test_f1,test_auroc
3,0.3232323229312897,0.3232323232323232,0.5131619222528313
