,test_acc,test_f1,test_auroc
6,0.3535353541374206,0.3535353535353535,0.5013774104683195
