,test_acc,test_f1,test_auroc
8,0.3131313025951385,0.3131313131313131,0.4852693602693603
