,test_acc,test_f1,test_auroc
9,0.3131313025951385,0.3131313131313131,0.4662917049280686
