,test_acc,test_f1,test_auroc
3,0.324999988079071,0.325,0.510989010989011
