,test_acc,test_f1,test_auroc
6,0.324999988079071,0.325,0.4956925790259123
