,test_acc,test_f1,test_auroc
8,0.324999988079071,0.325,0.5116673450006783
