,test_acc,test_f1,test_auroc
1,0.4805194735527038,0.4805194805194805,0.6651560047122831
