,test_acc,test_f1,test_auroc
2,0.4480519592761993,0.4480519480519481,0.5535218660420408
