,test_acc,test_f1,test_auroc
3,0.409090906381607,0.4090909090909091,0.6361825678632224
