,test_acc,test_f1,test_auroc
4,0.4935064911842346,0.4935064935064935,0.6775224716311176
