,test_acc,test_f1,test_auroc
5,0.4415584504604339,0.4415584415584415,0.6028095056792943
