,test_acc,test_f1,test_auroc
6,0.4480519592761993,0.4480519480519481,0.6553791898073427
