,test_acc,test_f1,test_auroc
7,0.4480519592761993,0.4480519480519481,0.6460297704279404
