,test_acc,test_f1,test_auroc
8,0.4415584504604339,0.4415584415584415,0.6390336646829831
