,test_acc,test_f1,test_auroc
9,0.4675324559211731,0.4675324675324675,0.6646859489539448
