,test_acc,test_f1,test_auroc
1,0.6150000095367432,0.615,0.6929939332728021
