,test_acc,test_f1,test_auroc
10,0.6299999952316284,0.63,0.7389037383145787
