,test_acc,test_f1,test_auroc
2,0.5899999737739563,0.59,0.690201731148314
