,test_acc,test_f1,test_auroc
3,0.5899999737739563,0.59,0.7055917156074265
