,test_acc,test_f1,test_auroc
4,0.5849999785423279,0.585,0.7104327984139452
