,test_acc,test_f1,test_auroc
5,0.5799999833106995,0.58,0.7010242419708248
