,test_acc,test_f1,test_auroc
6,0.6200000047683716,0.62,0.708311795998363
