,test_acc,test_f1,test_auroc
8,0.5950000286102295,0.595,0.7230961846044327
