,test_acc,test_f1,test_auroc
9,0.6200000047683716,0.62,0.7051803808480949
