,test_acc,test_f1,test_auroc
1,0.9646464586257935,0.9646464586257935,0.9937251210212708
