,test_acc,test_f1,test_auroc
2,0.9595959782600403,0.9595959782600403,0.9810988903045654
