,test_acc,test_f1,test_auroc
3,0.9646464586257935,0.9646464586257935,0.9960973262786865
