,test_acc,test_f1,test_auroc
5,0.9090909361839294,0.9090909361839294,0.9846571683883667
