,test_acc,test_f1,test_auroc
7,0.9595959782600403,0.9595959782600403,0.9954851269721985
