,test_acc,test_f1,test_auroc
8,0.9696969985961914,0.9696969985961914,0.991544246673584
