,test_acc,test_f1,test_auroc
1,0.4399999976158142,0.44,0.6463453409643511
