,test_acc,test_f1,test_auroc
10,0.4300000071525574,0.4299999999999999,0.6092849718144298
