,test_acc,test_f1,test_auroc
2,0.3199999928474426,0.32,0.5059494053995233
