,test_acc,test_f1,test_auroc
3,0.4350000023841858,0.435,0.6226009959317108
