,test_acc,test_f1,test_auroc
4,0.4749999940395355,0.475,0.6922609554188501
