,test_acc,test_f1,test_auroc
6,0.4199999868869781,0.4199999999999999,0.6368249887495763
