,test_acc,test_f1,test_auroc
7,0.3350000083446502,0.335,0.5004792057030862
