,test_acc,test_f1,test_auroc
8,0.4250000119209289,0.425,0.6096768946336897
