,test_acc,test_f1,test_auroc
9,0.3650000095367431,0.3649999999999999,0.5801322052303984
