,test_acc,test_f1,test_auroc
1,0.4778325259685516,0.4778325123152709,0.6187988434732654
