,test_acc,test_f1,test_auroc
10,0.4778325259685516,0.4778325123152709,0.6296682437485772
