,test_acc,test_f1,test_auroc
2,0.4384236335754394,0.438423645320197,0.6159159269014405
