,test_acc,test_f1,test_auroc
3,0.4729064106941223,0.4729064039408867,0.6423503398042467
