,test_acc,test_f1,test_auroc
6,0.4581280648708343,0.458128078817734,0.6035319047464204
