,test_acc,test_f1,test_auroc
7,0.5024630427360535,0.5024630541871922,0.6904196338568594
