,test_acc,test_f1,test_auroc
9,0.4482758641242981,0.4482758620689655,0.6156861390216672
