,test_acc,test_f1,test_auroc
1,0.6883116960525513,0.6883116960525513,0.8538452386856079
