,test_acc,test_f1,test_auroc
10,0.6363636255264282,0.6363636255264282,0.8240950703620911
