,test_acc,test_f1,test_auroc
2,0.6623376607894897,0.6623376607894897,0.8560957312583923
