,test_acc,test_f1,test_auroc
3,0.7077922224998474,0.7077922224998474,0.8771277070045471
