,test_acc,test_f1,test_auroc
4,0.649350643157959,0.649350643157959,0.8316554427146912
