,test_acc,test_f1,test_auroc
5,0.6038960814476013,0.6038960814476013,0.7797455191612244
