,test_acc,test_f1,test_auroc
6,0.649350643157959,0.649350643157959,0.8298975229263306
