,test_acc,test_f1,test_auroc
7,0.6948052048683167,0.6948052048683167,0.849869430065155
