,test_acc,test_f1,test_auroc
8,0.6363636255264282,0.6363636255264282,0.8124361634254456
