,test_acc,test_f1,test_auroc
9,0.6818181872367859,0.6818181872367859,0.8192229270935059
