,test_acc,test_f1,test_auroc
1,0.5762711763381958,0.576271186440678,0.6965115492805367
