,test_acc,test_f1,test_auroc
10,0.5423728823661804,0.5423728813559322,0.6870469544520177
