,test_acc,test_f1,test_auroc
2,0.5593220591545105,0.559322033898305,0.6832900573406904
