,test_acc,test_f1,test_auroc
3,0.5677965879440308,0.5677966101694916,0.7155820621010494
