,test_acc,test_f1,test_auroc
4,0.5169491767883301,0.5169491525423728,0.6561620956399437
