,test_acc,test_f1,test_auroc
5,0.4830508530139923,0.4830508474576271,0.6530550146056475
