,test_acc,test_f1,test_auroc
6,0.508474588394165,0.5084745762711864,0.7165936384290814
