,test_acc,test_f1,test_auroc
7,0.508474588394165,0.5084745762711864,0.7014659742507844
