,test_acc,test_f1,test_auroc
8,0.4661017060279846,0.4661016949152542,0.6748012009087958
