,test_acc,test_f1,test_auroc
9,0.4406779706478119,0.4406779661016949,0.6357662555447365
