,test_acc,test_f1,test_auroc
1,0.6233766078948975,0.6233766233766234,0.7992940197044063
