,test_acc,test_f1,test_auroc
2,0.701298713684082,0.7012987012987013,0.8547583575431015
