,test_acc,test_f1,test_auroc
3,0.6688311696052551,0.6688311688311688,0.8569502727220055
