,test_acc,test_f1,test_auroc
4,0.5974025726318359,0.5974025974025974,0.7769755791721501
