,test_acc,test_f1,test_auroc
6,0.5844155550003052,0.5844155844155844,0.7983937404988729
