,test_acc,test_f1,test_auroc
8,0.6168830990791321,0.6168831168831169,0.7961480603216381
