,test_acc,test_f1,test_auroc
9,0.5779221057891846,0.577922077922078,0.7934072869333466
