,test_acc,test_f1,test_auroc
1,0.7424242496490479,0.7424242424242424,0.8849862258953168
