,test_acc,test_f1,test_auroc
2,0.8737373948097229,0.8737373737373737,0.9627333945515764
