,test_acc,test_f1,test_auroc
3,0.8131313323974609,0.8131313131313131,0.9378252219161308
