,test_acc,test_f1,test_auroc
4,0.8535353541374207,0.8535353535353535,0.9509488827670644
