,test_acc,test_f1,test_auroc
5,0.7979797720909119,0.7979797979797979,0.9401974288337924
