,test_acc,test_f1,test_auroc
6,0.8181818127632141,0.8181818181818182,0.9550428527701256
