,test_acc,test_f1,test_auroc
7,0.8030303120613098,0.803030303030303,0.9408861340679522
