,test_acc,test_f1,test_auroc
8,0.8282828330993652,0.8282828282828283,0.9291016222834404
