,test_acc,test_f1,test_auroc
9,0.8282828330993652,0.8282828282828283,0.9327364554637284
