,test_acc,test_f1,test_auroc
1,0.3434343338012695,0.3434343434343434,0.5232629323538414
