,test_acc,test_f1,test_auroc
3,0.3535353541374206,0.3535353535353535,0.5037113559840831
