,test_acc,test_f1,test_auroc
1,0.694915235042572,0.694915235042572,0.8634250164031982
