,test_acc,test_f1,test_auroc
10,0.6610169410705566,0.6610169410705566,0.8149018287658691
