,test_acc,test_f1,test_auroc
2,0.6610169410705566,0.6610169410705566,0.8346248269081116
