,test_acc,test_f1,test_auroc
3,0.7118644118309021,0.7118644118309021,0.8596965074539185
