,test_acc,test_f1,test_auroc
4,0.7966101765632629,0.7966101765632629,0.8837782740592957
