,test_acc,test_f1,test_auroc
5,0.694915235042572,0.694915235042572,0.8647949695587158
