,test_acc,test_f1,test_auroc
6,0.6271186470985413,0.6271186470985413,0.8003935217857361
