,test_acc,test_f1,test_auroc
7,0.7118644118309021,0.7118644118309021,0.8344422578811646
