,test_acc,test_f1,test_auroc
8,0.6525423526763916,0.6525423526763916,0.8224791884422302
