,test_acc,test_f1,test_auroc
9,0.694915235042572,0.694915235042572,0.8440887928009033
