,test_acc,test_f1,test_auroc
1,0.9649999737739564,0.965,0.9980089300592048
