,test_acc,test_f1,test_auroc
10,0.9549999833106996,0.955,0.9897096880600416
