,test_acc,test_f1,test_auroc
2,0.959999978542328,0.96,0.9937694757019188
