,test_acc,test_f1,test_auroc
3,0.9549999833106996,0.955,0.9969227115731436
