,test_acc,test_f1,test_auroc
4,0.9649999737739564,0.965,0.9940316077393844
