,test_acc,test_f1,test_auroc
7,0.9649999737739564,0.965,0.988773380760812
