,test_acc,test_f1,test_auroc
8,0.9549999833106996,0.955,0.9920385540966844
