,test_acc,test_f1,test_auroc
1,0.8349999785423279,0.8349999785423279,0.9568235874176025
