,test_acc,test_f1,test_auroc
10,0.8500000238418579,0.8500000238418579,0.962419331073761
