,test_acc,test_f1,test_auroc
2,0.8450000286102295,0.8449999690055847,0.9568026065826416
