,test_acc,test_f1,test_auroc
3,0.8799999952316284,0.8799999952316284,0.9589770436286926
