,test_acc,test_f1,test_auroc
4,0.8999999761581421,0.8999999761581421,0.9773178100585938
