,test_acc,test_f1,test_auroc
5,0.8799999952316284,0.8799999952316284,0.9705392122268677
