,test_acc,test_f1,test_auroc
7,0.8650000095367432,0.8650000095367432,0.9557393789291382
