,test_acc,test_f1,test_auroc
9,0.8999999761581421,0.8999999761581421,0.9760975241661072
